Time,Temperature,Humidity,Gas,CO2
0.8,0.0,0.0,27888.0,120.0
2.0,0.0,0.0,27704.0,60.0
3.1,0.0,0.0,27888.0,60.0
4.5,0.0,0.0,27907.0,59.0
5.2,0.0,0.0,27759.0,60.0
6.5,0.0,0.0,27833.0,59.0
7.8,0.0,0.0,28188.0,120.0
10.0,0.0,0.0,28341.0,120.0
11.0,0.0,0.0,28322.0,120.0
12.0,0.0,0.0,28573.0,59.0
13.0,0.0,0.0,28729.0,120.0
14.6,0.0,0.0,28476.0,59.0
15.5,0.0,0.0,28322.0,60.0
16.5,0.0,0.0,28094.0,59.0
17.6,0.0,0.0,27944.0,60.0
18.7,0.0,0.0,27814.0,121.0
19.9,0.0,0.0,27796.0,60.0
21.0,0.0,0.0,27777.0,120.0
22.1,0.0,0.0,27814.0,60.0
23.1,0.0,0.0,27851.0,60.0
24.3,0.0,0.0,27814.0,59.0
25.4,0.0,0.0,27814.0,121.0
26.5,0.0,0.0,27814.0,59.0
27.6,0.0,0.0,27722.0,59.0
28.9,0.0,0.0,27833.0,120.0
29.9,0.0,0.0,27907.0,60.0
31.0,0.0,0.0,27777.0,120.0
32.1,0.0,0.0,27851.0,60.0
33.2,0.0,0.0,27814.0,121.0
34.3,0.0,0.0,27963.0,59.0
35.5,0.0,0.0,27907.0,120.0
36.5,0.0,0.0,27814.0,60.0
37.8,0.0,0.0,27888.0,119.0
38.8,0.0,0.0,27963.0,59.0
40.0,0.0,0.0,27907.0,60.0
41.1,0.0,0.0,28207.0,59.0
42.2,0.0,0.0,27925.0,59.0
43.3,0.0,0.0,27944.0,120.0
44.3,0.0,0.0,28000.0,60.0
45.6,0.0,0.0,27925.0,120.0
46.7,0.0,0.0,28207.0,120.0
47.8,0.0,0.0,28264.0,121.0
48.8,0.0,0.0,28592.0,59.0
49.9,0.0,0.0,28553.0,60.0
51.1,0.0,0.0,28749.0,60.0
52.2,0.0,0.0,28928.0,60.0
53.5,0.0,0.0,28988.0,59.0
54.6,0.0,0.0,29108.0,121.0
55.7,0.0,0.0,29333.0,120.0
56.8,0.0,0.0,29230.0,59.0
57.9,0.0,0.0,29333.0,60.0
59.0,0.0,0.0,29129.0,60.0
60.9,0.0,0.0,29028.0,59.0
62.8,0.0,0.0,28968.0,120.0
64.1,0.0,0.0,28888.0,59.0
65.1,0.0,0.0,28729.0,60.0
66.3,0.0,0.0,28848.0,60.0
67.5,0.0,0.0,28612.0,121.0
68.6,0.0,0.0,28612.0,60.0
69.7,0.0,0.0,28789.0,120.0
71.1,0.0,0.0,28789.0,120.0
71.8,0.0,0.0,28670.0,120.0
73.6,0.0,0.0,28888.0,59.0
75.2,0.0,0.0,29028.0,121.0
76.6,0.0,0.0,29008.0,60.0
78.2,0.0,0.0,28908.0,59.0
79.7,0.0,0.0,29048.0,120.0
81.2,0.0,0.0,28789.0,60.0
82.6,0.0,0.0,28710.0,121.0
85.2,0.0,0.0,28789.0,59.0
88.2,0.0,0.0,28612.0,60.0
90.7,0.0,0.0,28908.0,60.0
91.6,0.0,0.0,28534.0,59.0
92.8,0.0,0.0,28592.0,60.0
95.7,0.0,0.0,28514.0,60.0
98.7,0.0,0.0,28379.0,121.0
100.1,0.0,0.0,28437.0,60.0
101.0,0.0,0.0,28322.0,119.0
103.6,0.0,0.0,28437.0,59.0
105.1,0.0,0.0,28245.0,59.0
105.9,120.0,0.0,0.0,28303.0
107.0,0.0,0.0,28188.0,60.0
109.1,0.0,0.0,28245.0,120.0
110.0,0.0,0.0,28398.0,121.0
111.4,0.0,0.0,28132.0,121.0
112.7,0.0,0.0,28151.0,59.0
113.9,0.0,0.0,28360.0,60.0
114.8,0.0,0.0,28075.0,60.0
116.1,0.0,0.0,28113.0,119.0
117.2,0.0,0.0,28341.0,60.0
118.7,0.0,0.0,28132.0,121.0
119.4,59.0,0.0,0.0,27981.0
120.7,0.0,0.0,28188.0,120.0
121.6,60.0,0.0,0.0,28132.0
122.7,0.0,0.0,28264.0,60.0
123.9,0.0,0.0,28264.0,59.0
125.3,0.0,0.0,28113.0,120.0
126.2,0.0,0.0,28284.0,59.0
127.4,0.0,0.0,28113.0,120.0
128.4,0.0,0.0,28000.0,60.0
129.6,0.0,0.0,28303.0,60.0
130.7,0.0,0.0,27907.0,59.0
131.8,0.0,0.0,27963.0,60.0
133.0,0.0,0.0,28038.0,121.0
134.1,0.0,0.0,28094.0,120.0
135.1,0.0,0.0,28038.0,120.0
136.3,0.0,0.0,28188.0,60.0
137.5,0.0,0.0,28132.0,120.0
138.5,0.0,0.0,28188.0,59.0
139.7,0.0,0.0,28207.0,121.0
140.8,0.0,0.0,28226.0,59.0
141.8,0.0,0.0,28169.0,59.0
143.0,0.0,0.0,28132.0,60.0
144.1,0.0,0.0,28284.0,60.0
145.3,0.0,0.0,28264.0,120.0
146.3,0.0,0.0,28226.0,59.0
147.5,0.0,0.0,28169.0,120.0
148.6,0.0,0.0,28207.0,59.0
149.8,0.0,0.0,28592.0,60.0
150.9,0.0,0.0,28848.0,60.0
152.0,0.0,0.0,28968.0,120.0
153.0,0.0,0.0,29048.0,59.0
154.1,0.0,0.0,29068.0,60.0
155.3,0.0,0.0,29169.0,120.0
156.4,0.0,0.0,29088.0,60.0
157.6,0.0,0.0,28808.0,120.0
158.7,0.0,0.0,28968.0,60.0
159.8,0.0,0.0,28848.0,120.0
160.9,0.0,0.0,29169.0,59.0
162.1,0.0,0.0,28828.0,120.0
163.1,0.0,0.0,29129.0,59.0
164.3,0.0,0.0,28968.0,120.0
165.3,0.0,0.0,28710.0,59.0
166.4,0.0,0.0,28573.0,60.0
167.6,0.0,0.0,28968.0,121.0
168.7,0.0,0.0,28710.0,60.0
169.8,0.0,0.0,28729.0,120.0
171.0,0.0,0.0,28729.0,60.0
172.1,0.0,0.0,28749.0,120.0
173.1,0.0,0.0,28573.0,119.0
174.2,0.0,0.0,28437.0,60.0
175.3,0.0,0.0,28379.0,59.0
176.5,0.0,0.0,28303.0,59.0
177.6,0.0,0.0,28710.0,59.0
178.7,0.0,0.0,28789.0,60.0
180.0,0.0,0.0,28888.0,59.0
180.9,0.0,0.0,29088.0,60.0
182.0,0.0,0.0,29068.0,59.0
183.2,0.0,0.0,29088.0,59.0
184.5,0.0,0.0,29129.0,59.0
185.5,0.0,0.0,29169.0,60.0
186.6,0.0,0.0,29008.0,120.0
187.7,0.0,0.0,29129.0,60.0
188.8,0.0,0.0,29008.0,60.0
189.9,0.0,0.0,29271.0,59.0
191.1,0.0,0.0,29108.0,120.0
192.2,0.0,0.0,29108.0,59.0
193.2,0.0,0.0,29008.0,60.0
194.4,0.0,0.0,29129.0,119.0
195.5,0.0,0.0,29374.0,60.0
196.7,0.0,0.0,28968.0,121.0
197.8,0.0,0.0,29048.0,60.0
198.9,0.0,0.0,28908.0,120.0
200.0,0.0,0.0,29169.0,60.0
201.1,0.0,0.0,29210.0,120.0
202.2,0.0,0.0,28729.0,59.0
203.5,0.0,0.0,28908.0,120.0
204.5,0.0,0.0,28848.0,60.0
205.7,0.0,0.0,28651.0,120.0
206.7,0.0,0.0,29048.0,60.0
207.9,0.0,0.0,28670.0,120.0
209.0,0.0,0.0,28808.0,59.0
210.1,0.0,0.0,28710.0,121.0
211.2,0.0,0.0,29008.0,59.0
212.5,0.0,0.0,29190.0,120.0
213.5,0.0,0.0,29068.0,59.0
214.6,0.0,0.0,29353.0,60.0
215.7,0.0,0.0,29048.0,120.0
216.9,0.0,0.0,29333.0,60.0
217.9,0.0,0.0,29230.0,121.0
219.0,0.0,0.0,28988.0,59.0
220.0,0.0,0.0,29108.0,59.0
221.2,0.0,0.0,28828.0,120.0
222.3,0.0,0.0,29129.0,60.0
223.4,0.0,0.0,28948.0,120.0
224.6,0.0,0.0,28690.0,59.0
225.7,0.0,0.0,28848.0,121.0
226.8,0.0,0.0,28651.0,59.0
228.0,0.0,0.0,28908.0,59.0
229.1,0.0,0.0,28592.0,60.0
230.2,0.0,0.0,28928.0,60.0
231.2,0.0,0.0,28690.0,121.0
232.3,0.0,0.0,28828.0,60.0
233.5,0.0,0.0,28612.0,120.0
234.6,0.0,0.0,28514.0,59.0
235.7,0.0,0.0,28631.0,120.0
236.8,0.0,0.0,28534.0,59.0
238.0,0.0,0.0,28495.0,60.0
239.1,0.0,0.0,28534.0,59.0
240.2,0.0,0.0,28514.0,59.0
241.3,0.0,0.0,28534.0,59.0
242.5,0.0,0.0,28418.0,120.0
243.6,0.0,0.0,28553.0,120.0
244.6,0.0,0.0,28495.0,60.0
245.9,0.0,0.0,28514.0,121.0
246.9,0.0,0.0,28690.0,59.0
248.1,0.0,0.0,28514.0,120.0
249.1,0.0,0.0,28534.0,60.0
250.3,0.0,0.0,28670.0,60.0
251.4,0.0,0.0,28749.0,59.0
252.5,0.0,0.0,28769.0,60.0
253.6,0.0,0.0,28749.0,121.0
254.7,0.0,0.0,28848.0,59.0
255.9,0.0,0.0,28749.0,120.0
256.9,0.0,0.0,28789.0,60.0
258.1,0.0,0.0,28828.0,59.0
259.3,0.0,0.0,28729.0,60.0
260.4,0.0,0.0,28612.0,121.0
261.5,0.0,0.0,28769.0,59.0
262.6,0.0,0.0,28888.0,120.0
263.8,0.0,0.0,28592.0,60.0
264.9,0.0,0.0,28710.0,120.0
266.0,0.0,0.0,28749.0,59.0
267.0,0.0,0.0,28670.0,121.0
268.1,0.0,0.0,28690.0,59.0
269.3,0.0,0.0,28612.0,59.0
270.4,0.0,0.0,28769.0,60.0
271.6,0.0,0.0,28828.0,60.0
272.7,0.0,0.0,28948.0,119.0
273.8,0.0,0.0,28928.0,60.0
274.9,0.0,0.0,29008.0,121.0
276.1,0.0,0.0,28749.0,59.0
277.2,0.0,0.0,28868.0,120.0
278.2,0.0,0.0,28868.0,60.0
279.3,0.0,0.0,28848.0,60.0
280.5,0.0,0.0,28848.0,59.0
281.7,0.0,0.0,29028.0,120.0
282.8,0.0,0.0,29008.0,59.0
283.9,0.0,0.0,29169.0,120.0
284.9,0.0,0.0,29008.0,60.0
286.1,0.0,0.0,29149.0,60.0
287.2,0.0,0.0,29353.0,59.0
288.3,0.0,0.0,29374.0,60.0
289.5,0.0,0.0,29292.0,59.0
290.7,0.0,0.0,29312.0,120.0
291.8,0.0,0.0,29271.0,60.0
292.9,0.0,0.0,29436.0,120.0
294.1,0.0,0.0,29602.0,59.0
295.1,0.0,0.0,29312.0,60.0
296.3,0.0,0.0,29394.0,59.0
297.3,0.0,0.0,29333.0,59.0
298.6,0.0,0.0,29230.0,120.0
299.7,0.0,0.0,29353.0,120.0
300.8,0.0,0.0,29088.0,120.0
301.9,0.0,0.0,29271.0,59.0
303.0,0.0,0.0,29088.0,121.0
304.1,0.0,0.0,29088.0,59.0
305.2,0.0,0.0,29210.0,59.0
306.4,0.0,0.0,29292.0,60.0
307.4,0.0,0.0,28948.0,60.0
308.6,0.0,0.0,28868.0,59.0
309.6,0.0,0.0,28928.0,60.0
310.8,0.0,0.0,29108.0,121.0
311.9,0.0,0.0,28948.0,59.0
313.0,0.0,0.0,29108.0,120.0
314.1,0.0,0.0,29108.0,60.0
315.3,0.0,0.0,29169.0,60.0
316.5,0.0,0.0,29088.0,60.0
317.6,0.0,0.0,28968.0,121.0
318.6,0.0,0.0,28928.0,59.0
319.9,0.0,0.0,28789.0,120.0
320.9,0.0,0.0,28908.0,60.0
322.1,0.0,0.0,28928.0,120.0
323.1,0.0,0.0,28828.0,59.0
324.3,0.0,0.0,28948.0,60.0
325.4,0.0,0.0,28928.0,59.0
326.5,0.0,0.0,28631.0,59.0
327.7,0.0,0.0,28928.0,120.0
328.7,0.0,0.0,28729.0,60.0
329.9,0.0,0.0,29008.0,119.0
330.9,0.0,0.0,28868.0,60.0
332.2,0.0,0.0,28789.0,121.0
333.2,0.0,0.0,28631.0,59.0
334.4,0.0,0.0,28651.0,120.0
335.5,0.0,0.0,28651.0,59.0
336.6,0.0,0.0,28612.0,60.0
337.7,0.0,0.0,28670.0,59.0
338.9,0.0,0.0,28848.0,120.0
340.0,0.0,0.0,28592.0,59.0
341.2,0.0,0.0,28631.0,120.0
342.2,0.0,0.0,28749.0,60.0
343.3,0.0,0.0,28612.0,60.0
344.5,0.0,0.0,28828.0,59.0
345.6,0.0,0.0,28553.0,60.0
346.7,0.0,0.0,28749.0,120.0
347.8,0.0,0.0,28456.0,120.0
349.0,0.0,0.0,28514.0,120.0
350.1,0.0,0.0,28710.0,59.0
351.2,0.0,0.0,28514.0,120.0
352.4,0.0,0.0,28514.0,59.0
353.4,0.0,0.0,28710.0,60.0
354.5,0.0,0.0,28729.0,59.0
355.6,0.0,0.0,28553.0,60.0
356.6,0.0,0.0,28690.0,120.0
357.7,0.0,0.0,28631.0,59.0
358.9,0.0,0.0,28908.0,60.0
360.0,0.0,0.0,29088.0,120.0
361.1,0.0,0.0,29271.0,59.0
362.3,0.0,0.0,28948.0,120.0
363.4,0.0,0.0,29353.0,60.0
364.5,0.0,0.0,29028.0,120.0
365.7,0.0,0.0,29251.0,59.0
366.8,0.0,0.0,29251.0,121.0
367.9,0.0,0.0,29333.0,59.0
369.1,0.0,0.0,29581.0,120.0
370.4,0.0,0.0,29876.0,60.0
372.4,0.0,0.0,29665.0,59.0
373.6,0.0,0.0,30177.0,121.0
374.6,0.0,0.0,29983.0,59.0
375.7,0.0,0.0,29876.0,59.0
376.8,0.0,0.0,30026.0,60.0
378.0,0.0,0.0,30091.0,120.0
379.1,0.0,0.0,29791.0,59.0
380.2,0.0,0.0,29665.0,60.0
381.3,0.0,0.0,29644.0,121.0
382.3,0.0,0.0,29623.0,59.0
383.6,0.0,0.0,29560.0,120.0
384.7,0.0,0.0,29394.0,59.0
385.8,0.0,0.0,29333.0,120.0
387.0,0.0,0.0,29477.0,59.0
388.0,0.0,0.0,29230.0,60.0
389.2,0.0,0.0,28988.0,59.0
390.2,0.0,0.0,29048.0,59.0
391.5,0.0,0.0,28988.0,120.0
392.5,0.0,0.0,28928.0,60.0
393.7,0.0,0.0,29088.0,59.0
394.8,0.0,0.0,28968.0,60.0
396.0,0.0,0.0,29088.0,59.0
397.0,0.0,0.0,28868.0,59.0
398.2,0.0,0.0,28808.0,120.0
399.2,0.0,0.0,29088.0,59.0
400.4,0.0,0.0,29210.0,120.0
401.5,0.0,0.0,29088.0,60.0
402.6,0.0,0.0,29108.0,60.0
403.9,0.0,0.0,29251.0,59.0
405.0,0.0,0.0,29149.0,120.0
406.1,0.0,0.0,28948.0,60.0
407.2,0.0,0.0,29008.0,120.0
408.3,0.0,0.0,29028.0,59.0
409.5,0.0,0.0,28928.0,121.0
410.5,0.0,0.0,29028.0,59.0
411.6,0.0,0.0,28749.0,59.0
412.7,0.0,0.0,28631.0,60.0
413.9,0.0,0.0,28928.0,60.0
415.0,0.0,0.0,28868.0,59.0
416.1,0.0,0.0,28789.0,60.0
417.3,0.0,0.0,28789.0,120.0
418.3,0.0,0.0,28948.0,59.0
419.5,0.0,0.0,28888.0,120.0
420.5,0.0,0.0,28612.0,59.0
421.8,0.0,0.0,28769.0,120.0
422.8,0.0,0.0,28651.0,59.0
423.9,0.0,0.0,28729.0,60.0
425.1,0.0,0.0,28651.0,59.0
426.3,0.0,0.0,28789.0,120.0
427.4,0.0,0.0,28948.0,59.0
428.5,0.0,0.0,28808.0,120.0
429.5,0.0,0.0,28789.0,60.0
430.6,0.0,0.0,28631.0,60.0
431.8,0.0,0.0,28789.0,120.0
432.8,0.0,0.0,28670.0,59.0
433.9,0.0,0.0,28612.0,60.0
435.1,0.0,0.0,28553.0,59.0
436.2,0.0,0.0,28729.0,60.0
437.3,0.0,0.0,28651.0,59.0
438.5,0.0,0.0,28592.0,59.0
439.6,0.0,0.0,28651.0,120.0
440.7,0.0,0.0,28514.0,60.0
441.8,0.0,0.0,28514.0,60.0
443.0,0.0,0.0,28710.0,59.0
444.1,0.0,0.0,28534.0,121.0
445.2,0.0,0.0,29048.0,59.0
446.3,0.0,0.0,28968.0,59.0
447.3,0.0,0.0,29108.0,120.0
448.5,0.0,0.0,29394.0,60.0
449.6,0.0,0.0,29539.0,120.0
450.7,0.0,0.0,29374.0,60.0
451.9,0.0,0.0,29149.0,121.0
453.1,0.0,0.0,29394.0,59.0
455.6,0.0,0.0,29312.0,120.0
457.0,0.0,0.0,29333.0,59.0
458.1,0.0,0.0,29374.0,60.0
459.3,0.0,0.0,29292.0,59.0
460.3,0.0,0.0,29230.0,59.0
461.5,0.0,0.0,29190.0,60.0
462.5,0.0,0.0,29129.0,60.0
463.6,0.0,0.0,29498.0,120.0
464.8,0.0,0.0,29415.0,60.0
465.9,0.0,0.0,29477.0,60.0
467.0,0.0,0.0,29415.0,59.0
468.2,0.0,0.0,29602.0,120.0
469.3,0.0,0.0,29707.0,60.0
470.3,0.0,0.0,29623.0,60.0
471.5,0.0,0.0,29812.0,119.0
472.5,0.0,0.0,29728.0,60.0
473.7,0.0,0.0,29834.0,120.0
474.8,0.0,0.0,29749.0,59.0
475.9,0.0,0.0,29940.0,120.0
477.1,0.0,0.0,29707.0,60.0
478.2,0.0,0.0,29623.0,120.0
479.3,0.0,0.0,29539.0,59.0
480.5,0.0,0.0,29876.0,120.0
481.6,0.0,0.0,29518.0,59.0
482.7,0.0,0.0,29498.0,60.0
483.7,0.0,0.0,29560.0,60.0
484.8,0.0,0.0,29623.0,60.0
486.0,0.0,0.0,29292.0,121.0
487.1,0.0,0.0,29539.0,60.0
488.2,0.0,0.0,29477.0,120.0
489.5,0.0,0.0,29169.0,120.0
490.5,0.0,0.0,29210.0,120.0
491.6,0.0,0.0,29292.0,59.0
492.7,0.0,0.0,28948.0,60.0
493.9,0.0,0.0,28968.0,59.0
494.9,0.0,0.0,29149.0,59.0
496.1,0.0,0.0,29028.0,59.0
497.3,0.0,0.0,28828.0,120.0
498.5,0.0,0.0,28808.0,119.0
499.5,0.0,0.0,28828.0,60.0
500.6,0.0,0.0,29008.0,59.0
501.6,0.0,0.0,28749.0,60.0
502.9,0.0,0.0,29048.0,120.0
503.9,0.0,0.0,28710.0,60.0
505.1,0.0,0.0,28868.0,60.0
506.1,0.0,0.0,28928.0,60.0
507.4,0.0,0.0,28710.0,121.0
508.4,0.0,0.0,28690.0,59.0
509.5,0.0,0.0,28651.0,120.0
510.7,0.0,0.0,28828.0,59.0
511.8,0.0,0.0,28651.0,60.0
512.9,0.0,0.0,28848.0,59.0
514.0,0.0,0.0,28769.0,60.0
515.2,0.0,0.0,28769.0,121.0
516.3,0.0,0.0,28690.0,59.0
517.4,0.0,0.0,28729.0,120.0
518.5,0.0,0.0,28808.0,60.0
519.7,0.0,0.0,29028.0,119.0
520.8,0.0,0.0,28948.0,60.0
521.9,0.0,0.0,29190.0,121.0
523.1,0.0,0.0,28968.0,60.0
524.2,0.0,0.0,29108.0,120.0
525.3,0.0,0.0,29394.0,60.0
526.4,0.0,0.0,29333.0,120.0
527.4,0.0,0.0,29210.0,59.0
528.7,0.0,0.0,29312.0,120.0
529.7,0.0,0.0,29129.0,59.0
530.8,0.0,0.0,29169.0,59.0
531.9,0.0,0.0,28988.0,59.0
533.1,0.0,0.0,29230.0,60.0
534.2,0.0,0.0,29088.0,120.0
535.3,0.0,0.0,29048.0,60.0
536.5,0.0,0.0,29008.0,121.0
537.6,0.0,0.0,29048.0,120.0
538.7,0.0,0.0,28988.0,120.0
539.7,0.0,0.0,28868.0,60.0
540.9,0.0,0.0,28948.0,60.0
542.0,0.0,0.0,28908.0,59.0
543.1,0.0,0.0,28988.0,60.0
544.2,0.0,0.0,28769.0,60.0
545.3,0.0,0.0,28808.0,59.0
546.6,0.0,0.0,28612.0,120.0
547.6,0.0,0.0,28769.0,60.0
548.7,0.0,0.0,28631.0,120.0
549.9,0.0,0.0,28631.0,59.0
550.9,0.0,0.0,28749.0,60.0
552.0,0.0,0.0,28631.0,59.0
553.1,0.0,0.0,28729.0,59.0
554.4,0.0,0.0,28769.0,60.0
555.4,0.0,0.0,28612.0,60.0
556.5,0.0,0.0,28592.0,121.0
557.7,0.0,0.0,28631.0,60.0
558.8,0.0,0.0,28534.0,120.0
559.9,0.0,0.0,28631.0,59.0
561.0,0.0,0.0,28437.0,120.0
562.2,0.0,0.0,28456.0,59.0
563.3,0.0,0.0,28379.0,60.0
564.4,0.0,0.0,28322.0,59.0
565.4,0.0,0.0,28553.0,60.0
566.5,0.0,0.0,28322.0,120.0
567.8,0.0,0.0,28151.0,120.0
568.8,0.0,0.0,28418.0,120.0
569.9,0.0,0.0,28226.0,60.0
571.1,0.0,0.0,28360.0,121.0
572.3,0.0,0.0,28456.0,59.0
573.2,0.0,0.0,28169.0,59.0
574.5,0.0,0.0,28188.0,59.0
575.5,0.0,0.0,28188.0,60.0
576.7,0.0,0.0,28284.0,59.0
577.8,0.0,0.0,28322.0,60.0
578.9,0.0,0.0,28169.0,121.0
580.0,0.0,0.0,28038.0,59.0
581.1,0.0,0.0,28056.0,120.0
582.2,0.0,0.0,28245.0,60.0
583.5,0.0,0.0,28226.0,59.0
584.5,0.0,0.0,28360.0,60.0
585.7,0.0,0.0,28264.0,121.0
586.7,0.0,0.0,28264.0,60.0
588.0,0.0,0.0,28245.0,120.0
589.0,0.0,0.0,28207.0,59.0
590.2,0.0,0.0,28360.0,120.0
591.2,0.0,0.0,28303.0,59.0
592.4,0.0,0.0,28226.0,60.0
593.4,0.0,0.0,28360.0,59.0
594.6,0.0,0.0,28264.0,59.0
595.7,0.0,0.0,28264.0,120.0
596.8,0.0,0.0,28264.0,60.0
598.0,0.0,0.0,28379.0,119.0
599.0,0.0,0.0,28534.0,60.0
600.3,0.0,0.0,28534.0,121.0
601.3,0.0,0.0,28476.0,59.0
602.4,0.0,0.0,28848.0,120.0
603.5,0.0,0.0,28769.0,60.0
604.7,0.0,0.0,28868.0,60.0
605.8,0.0,0.0,28789.0,59.0
607.0,0.0,0.0,28749.0,120.0
608.1,0.0,0.0,28808.0,59.0
609.2,0.0,0.0,28690.0,120.0
610.3,0.0,0.0,28808.0,59.0
611.4,0.0,0.0,28690.0,60.0
612.5,0.0,0.0,28749.0,59.0
613.7,0.0,0.0,28592.0,60.0
614.8,0.0,0.0,28612.0,121.0
615.9,0.0,0.0,28553.0,120.0
617.1,0.0,0.0,28769.0,120.0
618.2,0.0,0.0,28968.0,60.0
619.3,0.0,0.0,28928.0,120.0
620.3,0.0,0.0,29230.0,59.0
621.5,0.0,0.0,29129.0,60.0
622.6,0.0,0.0,29312.0,59.0
623.7,0.0,0.0,29477.0,59.0
624.8,0.0,0.0,29477.0,60.0
625.9,0.0,0.0,29539.0,60.0
627.1,0.0,0.0,30026.0,120.0
628.2,0.0,0.0,29707.0,59.0
629.4,0.0,0.0,29644.0,121.0
630.5,0.0,0.0,29855.0,59.0
631.6,0.0,0.0,29728.0,59.0
632.7,0.0,0.0,29791.0,60.0
633.8,0.0,0.0,29686.0,120.0
635.0,0.0,0.0,29498.0,60.0
636.1,0.0,0.0,29539.0,121.0
637.2,0.0,0.0,29394.0,59.0
638.3,0.0,0.0,29560.0,120.0
639.5,0.0,0.0,29333.0,60.0
640.5,0.0,0.0,29068.0,60.0
641.7,0.0,0.0,29108.0,59.0
642.7,0.0,0.0,29108.0,60.0
644.0,0.0,0.0,28968.0,121.0
645.0,0.0,0.0,28789.0,59.0
646.1,0.0,0.0,29008.0,120.0
647.3,0.0,0.0,29028.0,60.0
648.4,0.0,0.0,28988.0,120.0
649.5,0.0,0.0,29008.0,59.0
650.6,0.0,0.0,29108.0,121.0
651.7,0.0,0.0,29048.0,59.0
652.8,0.0,0.0,29088.0,59.0
654.0,0.0,0.0,29068.0,60.0
655.2,0.0,0.0,29048.0,119.0
656.3,0.0,0.0,28769.0,59.0
657.4,0.0,0.0,28808.0,121.0
658.4,0.0,0.0,28769.0,59.0
659.5,0.0,0.0,29048.0,59.0
660.7,0.0,0.0,28828.0,120.0
661.8,0.0,0.0,28553.0,59.0
662.8,0.0,0.0,28729.0,60.0
664.1,0.0,0.0,28534.0,59.0
665.1,0.0,0.0,28573.0,60.0
666.3,0.0,0.0,28749.0,120.0
667.3,0.0,0.0,28514.0,60.0
668.5,0.0,0.0,28456.0,120.0
669.6,0.0,0.0,28553.0,60.0
670.7,0.0,0.0,28495.0,60.0
671.8,0.0,0.0,28495.0,59.0
672.9,0.0,0.0,28769.0,120.0
674.1,0.0,0.0,28456.0,59.0
675.2,0.0,0.0,28612.0,60.0
676.3,0.0,0.0,28534.0,119.0
677.5,0.0,0.0,28573.0,60.0
678.5,0.0,0.0,28651.0,121.0
679.6,0.0,0.0,28948.0,59.0
680.9,0.0,0.0,28908.0,120.0
681.9,0.0,0.0,28888.0,60.0
682.9,0.0,0.0,29068.0,120.0
684.1,0.0,0.0,28888.0,59.0
685.3,0.0,0.0,28868.0,120.0
686.4,0.0,0.0,28928.0,60.0
687.6,0.0,0.0,28808.0,120.0
688.6,0.0,0.0,28848.0,60.0
689.9,0.0,0.0,28769.0,120.0
690.9,0.0,0.0,28749.0,59.0
692.0,0.0,0.0,28769.0,60.0
693.1,0.0,0.0,28769.0,59.0
694.3,0.0,0.0,28573.0,120.0
695.4,0.0,0.0,28729.0,59.0
696.4,0.0,0.0,28690.0,60.0
697.6,0.0,0.0,28651.0,120.0
698.9,0.0,0.0,28690.0,60.0
699.9,0.0,0.0,29048.0,121.0
700.9,0.0,0.0,28968.0,59.0
702.1,0.0,0.0,29048.0,120.0
703.3,0.0,0.0,29028.0,120.0
704.3,0.0,0.0,29008.0,60.0
705.4,0.0,0.0,29271.0,59.0
706.5,0.0,0.0,29190.0,60.0
707.7,0.0,0.0,29292.0,121.0
708.8,0.0,0.0,29169.0,59.0
709.9,0.0,0.0,29210.0,60.0
711.1,0.0,0.0,28988.0,60.0
712.2,0.0,0.0,29108.0,59.0
713.3,0.0,0.0,29169.0,60.0
714.4,0.0,0.0,28988.0,59.0
715.5,0.0,0.0,28928.0,59.0
716.7,0.0,0.0,29068.0,120.0
717.8,0.0,0.0,29210.0,60.0
718.9,0.0,0.0,29129.0,60.0
720.1,0.0,0.0,29048.0,59.0
721.2,0.0,0.0,29068.0,121.0
722.2,0.0,0.0,29008.0,59.0
723.3,0.0,0.0,28868.0,59.0
724.5,0.0,0.0,28908.0,120.0
725.6,0.0,0.0,28828.0,60.0
726.7,0.0,0.0,28968.0,120.0
727.9,0.0,0.0,28789.0,60.0
729.0,0.0,0.0,28888.0,121.0
730.1,0.0,0.0,28710.0,59.0
731.2,0.0,0.0,28749.0,120.0
732.3,0.0,0.0,28769.0,60.0
733.6,0.0,0.0,28908.0,119.0
734.5,0.0,0.0,28651.0,59.0
735.6,0.0,0.0,28729.0,60.0
736.8,0.0,0.0,28612.0,59.0
737.9,0.0,0.0,28651.0,59.0
739.0,0.0,0.0,28495.0,120.0
740.1,0.0,0.0,28612.0,60.0
741.3,0.0,0.0,28808.0,120.0
742.4,0.0,0.0,28573.0,120.0
743.5,0.0,0.0,28808.0,121.0
744.6,0.0,0.0,28690.0,59.0
745.7,0.0,0.0,28710.0,60.0
746.9,0.0,0.0,28592.0,60.0
747.9,0.0,0.0,28769.0,60.0
749.1,0.0,0.0,28495.0,59.0
750.3,0.0,0.0,28769.0,121.0
751.5,0.0,0.0,28729.0,120.0
752.4,0.0,0.0,28476.0,59.0
753.8,0.0,0.0,28437.0,60.0
754.7,0.0,0.0,28631.0,60.0
755.9,0.0,0.0,28360.0,121.0
756.9,0.0,0.0,28379.0,60.0
758.0,0.0,0.0,28456.0,59.0
759.2,0.0,0.0,28322.0,59.0
760.3,0.0,0.0,28437.0,120.0
761.4,0.0,0.0,28534.0,59.0
762.5,0.0,0.0,28322.0,120.0
763.7,0.0,0.0,28341.0,59.0
764.8,0.0,0.0,28418.0,60.0
765.9,0.0,0.0,28495.0,59.0
766.9,0.0,0.0,28534.0,60.0
768.1,0.0,0.0,28592.0,120.0
769.2,0.0,0.0,28848.0,60.0
770.3,0.0,0.0,28848.0,121.0
771.4,0.0,0.0,29028.0,59.0
772.6,0.0,0.0,28908.0,120.0
773.8,0.0,0.0,29048.0,59.0
774.9,0.0,0.0,29190.0,120.0
776.0,0.0,0.0,28928.0,60.0
777.2,0.0,0.0,28789.0,120.0
778.2,0.0,0.0,28848.0,60.0
779.3,0.0,0.0,28612.0,120.0
780.5,0.0,0.0,28592.0,59.0
781.7,0.0,0.0,28612.0,120.0
782.7,0.0,0.0,28573.0,59.0
783.9,0.0,0.0,28437.0,60.0
784.9,0.0,0.0,28534.0,60.0
786.0,0.0,0.0,28514.0,60.0
787.2,0.0,0.0,28476.0,120.0
788.3,0.0,0.0,28456.0,59.0
789.5,0.0,0.0,28322.0,120.0
790.5,0.0,0.0,28456.0,119.0
791.7,0.0,0.0,28284.0,121.0
792.8,0.0,0.0,28456.0,59.0
793.9,0.0,0.0,28379.0,59.0
795.0,0.0,0.0,28284.0,59.0
796.1,0.0,0.0,28418.0,60.0
797.3,0.0,0.0,28379.0,60.0
798.4,0.0,0.0,28322.0,60.0
799.5,0.0,0.0,28534.0,121.0
800.7,0.0,0.0,28592.0,60.0
801.8,0.0,0.0,28729.0,120.0
802.8,0.0,0.0,28769.0,59.0
803.9,0.0,0.0,28651.0,120.0
805.1,0.0,0.0,28651.0,59.0
806.2,0.0,0.0,28514.0,60.0
807.3,0.0,0.0,28651.0,59.0
808.4,0.0,0.0,28495.0,59.0
809.5,0.0,0.0,28592.0,120.0
810.7,0.0,0.0,28710.0,60.0
811.8,0.0,0.0,28534.0,119.0
812.9,0.0,0.0,28573.0,59.0
814.1,0.0,0.0,28592.0,121.0
815.1,0.0,0.0,28245.0,59.0
816.2,0.0,0.0,28226.0,59.0
817.3,0.0,0.0,28418.0,60.0
818.5,0.0,0.0,28418.0,60.0
819.6,0.0,0.0,28573.0,120.0
820.7,0.0,0.0,28303.0,121.0
821.9,0.0,0.0,28437.0,121.0
822.9,0.0,0.0,28188.0,59.0
824.1,0.0,0.0,28188.0,120.0
825.1,0.0,0.0,28303.0,60.0
826.3,0.0,0.0,28303.0,120.0
827.4,0.0,0.0,28360.0,59.0
828.5,0.0,0.0,28284.0,60.0
829.6,0.0,0.0,28264.0,59.0
830.7,0.0,0.0,28437.0,59.0
831.9,0.0,0.0,28398.0,120.0
833.0,0.0,0.0,28303.0,60.0
834.1,0.0,0.0,28303.0,120.0
835.3,0.0,0.0,28341.0,59.0
836.5,0.0,0.0,28264.0,59.0
837.5,0.0,0.0,28245.0,59.0
838.6,0.0,0.0,28573.0,120.0
839.8,0.0,0.0,28592.0,60.0
840.9,0.0,0.0,28573.0,120.0
842.0,0.0,0.0,28729.0,59.0
843.1,0.0,0.0,28888.0,121.0
844.3,0.0,0.0,29210.0,59.0
845.3,0.0,0.0,29210.0,59.0
846.5,0.0,0.0,28908.0,60.0
847.5,0.0,0.0,28729.0,60.0
848.8,0.0,0.0,28789.0,59.0
849.8,0.0,0.0,28651.0,60.0
850.9,0.0,0.0,28749.0,120.0
852.1,0.0,0.0,28729.0,59.0
853.2,0.0,0.0,28631.0,120.0
854.3,0.0,0.0,28948.0,60.0
855.4,0.0,0.0,28651.0,120.0
856.5,0.0,0.0,28612.0,59.0
857.6,0.0,0.0,28553.0,60.0
858.7,0.0,0.0,28534.0,59.0
859.9,0.0,0.0,28573.0,120.0
861.1,0.0,0.0,28729.0,60.0
862.2,0.0,0.0,28631.0,120.0
863.3,0.0,0.0,28670.0,59.0
864.5,0.0,0.0,28868.0,60.0
865.6,0.0,0.0,28908.0,59.0
866.7,0.0,0.0,28968.0,59.0
867.8,0.0,0.0,29292.0,60.0
868.9,0.0,0.0,29149.0,120.0
870.1,0.0,0.0,29415.0,120.0
871.1,0.0,0.0,29230.0,60.0
872.3,0.0,0.0,29149.0,121.0
873.3,0.0,0.0,29477.0,59.0
874.5,0.0,0.0,29333.0,120.0
875.6,0.0,0.0,29292.0,60.0
876.6,0.0,0.0,29271.0,60.0
877.9,0.0,0.0,29333.0,59.0
878.9,0.0,0.0,29394.0,60.0
880.0,0.0,0.0,29333.0,121.0
881.1,0.0,0.0,29333.0,59.0
882.4,0.0,0.0,29518.0,120.0
883.4,0.0,0.0,29312.0,60.0
884.5,0.0,0.0,29415.0,60.0
885.6,0.0,0.0,29251.0,60.0
886.9,0.0,0.0,29251.0,121.0
888.0,0.0,0.0,29312.0,59.0
889.1,0.0,0.0,29108.0,120.0
890.3,0.0,0.0,29088.0,60.0
891.4,0.0,0.0,29008.0,120.0
892.4,0.0,0.0,29169.0,59.0
893.5,0.0,0.0,29008.0,60.0
894.7,0.0,0.0,29088.0,59.0
895.8,0.0,0.0,28968.0,59.0
896.9,0.0,0.0,28908.0,60.0
898.0,0.0,0.0,28828.0,60.0
899.2,0.0,0.0,28888.0,119.0
900.3,0.0,0.0,28988.0,60.0
901.4,0.0,0.0,29028.0,121.0
902.5,0.0,0.0,28808.0,59.0
903.7,0.0,0.0,28769.0,120.0
904.7,0.0,0.0,28808.0,59.0
905.8,0.0,0.0,28553.0,60.0
906.9,0.0,0.0,28888.0,59.0
908.2,0.0,0.0,28968.0,120.0
909.2,0.0,0.0,28749.0,59.0
910.4,0.0,0.0,28592.0,120.0
911.4,0.0,0.0,28631.0,60.0
912.6,0.0,0.0,28514.0,60.0
913.7,0.0,0.0,28828.0,59.0
914.8,0.0,0.0,28592.0,60.0
915.9,0.0,0.0,28710.0,120.0
917.1,0.0,0.0,28612.0,120.0
918.2,0.0,0.0,28651.0,120.0
919.3,0.0,0.0,28456.0,60.0
920.5,0.0,0.0,28553.0,120.0
921.6,0.0,0.0,28710.0,59.0
922.7,0.0,0.0,28592.0,121.0
923.8,0.0,0.0,28437.0,59.0
924.9,0.0,0.0,28456.0,60.0
926.1,0.0,0.0,28553.0,59.0
927.1,0.0,0.0,28592.0,60.0
928.3,0.0,0.0,28631.0,121.0
929.4,0.0,0.0,28514.0,59.0
930.5,0.0,0.0,28710.0,120.0
931.6,0.0,0.0,28476.0,60.0
932.7,0.0,0.0,28729.0,60.0
933.9,0.0,0.0,29088.0,60.0
935.0,0.0,0.0,29436.0,120.0
936.4,0.0,0.0,29230.0,59.0
938.3,0.0,0.0,29394.0,120.0
939.4,0.0,0.0,29581.0,60.0
940.5,0.0,0.0,29477.0,120.0
941.7,0.0,0.0,29855.0,60.0
942.8,0.0,0.0,29498.0,121.0
943.9,0.0,0.0,29686.0,59.0
945.0,0.0,0.0,29876.0,120.0
946.1,0.0,0.0,29728.0,60.0
947.3,0.0,0.0,29855.0,120.0
948.3,0.0,0.0,29749.0,59.0
949.4,0.0,0.0,29940.0,60.0
950.5,0.0,0.0,29876.0,121.0
951.7,0.0,0.0,29897.0,59.0
952.8,0.0,0.0,29770.0,120.0
953.9,0.0,0.0,29770.0,60.0
955.1,0.0,0.0,29581.0,120.0
956.2,0.0,0.0,29770.0,119.0
958.1,0.0,0.0,29855.0,60.0
959.0,0.0,0.0,29834.0,59.0
960.1,0.0,0.0,29897.0,120.0
961.2,0.0,0.0,29749.0,60.0
962.5,0.0,0.0,29749.0,119.0
964.6,0.0,0.0,29791.0,60.0
965.7,0.0,0.0,29415.0,59.0
966.9,0.0,0.0,29415.0,120.0
968.0,0.0,0.0,29394.0,60.0
969.1,0.0,0.0,29436.0,60.0
970.2,0.0,0.0,29374.0,59.0
971.5,0.0,0.0,29048.0,120.0
972.5,0.0,0.0,29169.0,59.0
973.6,0.0,0.0,29088.0,59.0
974.7,0.0,0.0,29292.0,120.0
975.9,0.0,0.0,29251.0,60.0
977.0,0.0,0.0,29271.0,120.0
978.0,0.0,0.0,29088.0,59.0
979.2,0.0,0.0,29088.0,121.0
980.3,0.0,0.0,29008.0,120.0
981.4,0.0,0.0,29129.0,59.0
982.5,0.0,0.0,29088.0,60.0
983.6,0.0,0.0,29028.0,60.0
984.8,0.0,0.0,28988.0,120.0
986.6,0.0,0.0,29028.0,60.0
987.7,0.0,0.0,29149.0,59.0
988.8,0.0,0.0,29008.0,120.0
989.9,0.0,0.0,28789.0,60.0
991.0,0.0,0.0,28928.0,120.0
992.0,0.0,0.0,28808.0,59.0
993.2,0.0,0.0,28769.0,60.0
994.3,0.0,0.0,28828.0,59.0
995.5,0.0,0.0,28828.0,120.0
996.5,0.0,0.0,28868.0,60.0
997.7,0.0,0.0,28828.0,60.0
998.8,0.0,0.0,28948.0,120.0
999.9,0.0,0.0,28828.0,60.0
1001.1,0.0,0.0,28769.0,121.0
1002.1,0.0,0.0,28808.0,59.0
1003.3,0.0,0.0,28828.0,120.0
1004.3,0.0,0.0,28769.0,60.0
1005.5,0.0,0.0,28828.0,60.0
1006.6,0.0,0.0,28612.0,59.0
1007.7,0.0,0.0,28631.0,60.0
1008.8,0.0,0.0,28631.0,120.0
1009.9,0.0,0.0,28789.0,59.0
1011.2,0.0,0.0,29008.0,60.0
1012.2,0.0,0.0,29190.0,60.0
1013.3,0.0,0.0,29190.0,59.0
1014.5,0.0,0.0,29312.0,60.0
1015.7,0.0,0.0,29353.0,120.0
1016.7,0.0,0.0,29108.0,59.0
1017.8,0.0,0.0,29068.0,120.0
1019.1,0.0,0.0,28928.0,60.0
1020.1,0.0,0.0,29068.0,60.0
1021.2,0.0,0.0,29271.0,59.0
1022.3,0.0,0.0,29456.0,60.0
1023.5,0.0,0.0,29394.0,59.0
1024.5,0.0,0.0,29415.0,59.0
1025.7,0.0,0.0,29919.0,120.0
1026.7,0.0,0.0,29897.0,60.0
1028.0,0.0,0.0,29940.0,121.0
1029.0,0.0,0.0,30069.0,60.0
1030.1,0.0,0.0,30004.0,120.0
1031.3,0.0,0.0,30004.0,59.0
1032.4,0.0,0.0,29897.0,120.0
1033.5,0.0,0.0,30069.0,59.0
1034.7,0.0,0.0,30156.0,119.0
1035.7,0.0,0.0,30004.0,60.0
1037.0,0.0,0.0,30047.0,121.0
1038.0,0.0,0.0,30004.0,59.0
1039.1,0.0,0.0,30026.0,120.0
1040.3,0.0,0.0,29983.0,60.0
1041.4,0.0,0.0,29940.0,60.0
1042.5,0.0,0.0,30026.0,59.0
1043.6,0.0,0.0,29919.0,120.0
1044.8,0.0,0.0,29686.0,59.0
1046.0,0.0,0.0,29940.0,120.0
1047.0,0.0,0.0,29770.0,60.0
1048.1,0.0,0.0,29919.0,60.0
1049.3,0.0,0.0,30004.0,59.0
1050.4,0.0,0.0,30004.0,60.0
1051.5,0.0,0.0,30047.0,59.0
1052.6,0.0,0.0,30243.0,120.0
1053.8,0.0,0.0,30091.0,120.0
1054.8,0.0,0.0,30221.0,60.0
1056.0,0.0,0.0,30286.0,120.0
1057.2,0.0,0.0,30330.0,59.0
1058.3,0.0,0.0,30485.0,121.0
1059.3,0.0,0.0,30485.0,59.0
1060.3,0.0,0.0,30308.0,60.0
1061.6,0.0,0.0,30485.0,120.0
1062.6,0.0,0.0,30308.0,59.0
1063.7,0.0,0.0,30507.0,60.0
1064.8,0.0,0.0,30243.0,120.0
1065.9,0.0,0.0,30221.0,59.0
1067.0,0.0,0.0,30156.0,59.0
1068.1,0.0,0.0,30330.0,60.0
1069.1,0.0,0.0,30069.0,60.0
1070.4,0.0,0.0,30243.0,59.0
1071.5,0.0,0.0,29876.0,60.0
1072.6,0.0,0.0,29749.0,120.0
1073.7,0.0,0.0,29983.0,120.0
1074.9,0.0,0.0,29707.0,120.0
1075.9,0.0,0.0,29919.0,60.0
1077.1,0.0,0.0,29498.0,120.0
1078.1,0.0,0.0,29498.0,59.0
1079.3,0.0,0.0,29374.0,60.0
1080.4,0.0,0.0,29251.0,59.0
1081.4,0.0,0.0,29129.0,60.0
1082.7,0.0,0.0,29129.0,120.0
1083.7,0.0,0.0,29068.0,59.0
1084.8,0.0,0.0,29129.0,60.0
1085.9,0.0,0.0,29008.0,120.0
1086.9,0.0,0.0,29149.0,59.0
1088.2,0.0,0.0,29048.0,120.0
1089.2,0.0,0.0,29129.0,60.0
1090.5,0.0,0.0,29008.0,120.0
1091.5,0.0,0.0,29028.0,59.0
1092.7,0.0,0.0,29169.0,121.0
1093.7,0.0,0.0,29028.0,59.0
1094.9,0.0,0.0,29008.0,120.0
1096.0,0.0,0.0,28908.0,60.0
1097.1,0.0,0.0,28848.0,60.0
1098.2,0.0,0.0,28749.0,120.0
1099.2,0.0,0.0,28749.0,60.0
1100.5,0.0,0.0,29088.0,121.0
1101.6,0.0,0.0,29088.0,59.0
1102.7,0.0,0.0,29028.0,120.0
1103.9,0.0,0.0,28948.0,120.0
1104.9,0.0,0.0,28908.0,60.0
1106.0,0.0,0.0,28848.0,59.0
1107.1,0.0,0.0,28868.0,60.0
1108.3,0.0,0.0,28670.0,121.0
1109.4,0.0,0.0,28808.0,59.0
1110.6,0.0,0.0,28808.0,60.0
1111.6,0.0,0.0,28749.0,60.0
1112.7,0.0,0.0,28828.0,59.0
1113.9,0.0,0.0,28769.0,60.0
1115.0,0.0,0.0,28651.0,59.0
1116.1,0.0,0.0,28908.0,59.0
1117.3,0.0,0.0,28948.0,120.0
1118.4,0.0,0.0,28808.0,60.0
1119.5,0.0,0.0,28888.0,60.0
1120.7,0.0,0.0,29088.0,59.0
1121.8,0.0,0.0,29394.0,121.0
1122.8,0.0,0.0,29068.0,59.0
1123.9,0.0,0.0,28789.0,59.0
1125.1,0.0,0.0,29008.0,120.0
1126.2,0.0,0.0,28888.0,60.0
1127.3,0.0,0.0,28888.0,120.0
1128.4,0.0,0.0,29149.0,60.0
1129.5,0.0,0.0,28808.0,120.0
1130.7,0.0,0.0,28612.0,59.0
1131.8,0.0,0.0,28789.0,120.0
1132.9,0.0,0.0,28514.0,60.0
1134.2,0.0,0.0,28573.0,119.0
1135.2,0.0,0.0,28848.0,60.0
1136.3,0.0,0.0,28670.0,121.0
1137.5,0.0,0.0,28828.0,59.0
1138.6,0.0,0.0,28749.0,120.0
1139.7,0.0,0.0,28968.0,60.0
1140.7,0.0,0.0,28948.0,60.0
1141.9,0.0,0.0,29088.0,59.0
1143.2,0.0,0.0,28968.0,120.0
1144.3,0.0,0.0,28808.0,59.0
1145.3,0.0,0.0,28670.0,120.0
1146.5,0.0,0.0,28988.0,60.0
1147.6,0.0,0.0,28690.0,60.0
1148.7,0.0,0.0,28808.0,59.0
1149.8,0.0,0.0,28729.0,60.0
1151.0,0.0,0.0,28690.0,59.0
1152.1,0.0,0.0,28729.0,120.0
1153.2,0.0,0.0,28690.0,120.0
1154.2,0.0,0.0,28749.0,60.0
1155.5,0.0,0.0,28670.0,120.0
1156.5,0.0,0.0,28729.0,59.0
1157.6,0.0,0.0,28868.0,121.0
1158.7,0.0,0.0,28690.0,59.0
1159.9,0.0,0.0,28437.0,60.0
1161.0,0.0,0.0,28495.0,60.0
1162.1,0.0,0.0,28612.0,60.0
1163.3,0.0,0.0,28592.0,121.0
1164.4,0.0,0.0,28514.0,59.0
1165.5,0.0,0.0,28670.0,120.0
1166.5,0.0,0.0,28651.0,59.0
1167.7,0.0,0.0,28808.0,60.0
1168.9,0.0,0.0,28868.0,60.0
1170.0,0.0,0.0,28769.0,121.0
1171.1,0.0,0.0,28495.0,60.0
1172.3,0.0,0.0,28534.0,120.0
1173.4,0.0,0.0,28631.0,59.0
1174.5,0.0,0.0,28690.0,120.0
1175.6,0.0,0.0,28729.0,59.0
1176.7,0.0,0.0,28928.0,60.0
1177.9,0.0,0.0,28988.0,59.0
1178.9,0.0,0.0,29028.0,59.0
1180.0,0.0,0.0,29028.0,120.0
1181.2,0.0,0.0,28868.0,60.0
1182.3,0.0,0.0,29028.0,120.0
1183.4,0.0,0.0,29149.0,60.0
1184.5,0.0,0.0,29008.0,121.0
1185.7,0.0,0.0,29088.0,59.0
1186.8,0.0,0.0,28948.0,120.0
1187.9,0.0,0.0,28888.0,59.0
1188.9,0.0,0.0,28868.0,60.0
1190.3,0.0,0.0,28968.0,59.0
1191.3,0.0,0.0,28690.0,120.0
1192.4,0.0,0.0,28828.0,59.0
1193.7,0.0,0.0,28828.0,120.0
1194.7,0.0,0.0,29008.0,59.0
1195.7,0.0,0.0,29230.0,60.0
1196.9,0.0,0.0,29108.0,59.0
1197.9,0.0,0.0,29190.0,60.0
1199.1,0.0,0.0,29048.0,121.0
1200.3,0.0,0.0,29210.0,121.0
1201.3,0.0,0.0,29088.0,120.0
1202.5,0.0,0.0,29028.0,60.0
1203.6,0.0,0.0,29088.0,120.0
1204.7,0.0,0.0,29028.0,59.0
1205.9,0.0,0.0,29028.0,60.0
1207.0,0.0,0.0,28928.0,59.0
1208.0,0.0,0.0,29028.0,59.0
1209.2,0.0,0.0,29088.0,120.0
1210.3,0.0,0.0,28968.0,60.0
1211.4,0.0,0.0,28908.0,120.0
1212.5,0.0,0.0,28888.0,59.0
1213.6,0.0,0.0,28968.0,121.0
1214.8,0.0,0.0,29048.0,59.0
1215.9,0.0,0.0,28948.0,59.0
1217.0,0.0,0.0,28729.0,60.0
1218.1,0.0,0.0,28868.0,60.0
1219.3,0.0,0.0,28789.0,59.0
1220.3,0.0,0.0,28553.0,60.0
1221.5,0.0,0.0,28769.0,120.0
1222.5,0.0,0.0,28670.0,59.0
1223.8,0.0,0.0,28592.0,120.0
1224.8,0.0,0.0,28573.0,60.0
1226.0,0.0,0.0,28534.0,120.0
1227.1,0.0,0.0,28690.0,59.0
1228.2,0.0,0.0,28437.0,60.0
1229.3,0.0,0.0,28612.0,59.0
1230.5,0.0,0.0,28534.0,120.0
1231.5,0.0,0.0,28670.0,60.0
1232.7,0.0,0.0,28534.0,120.0
1233.8,0.0,0.0,28573.0,59.0
1234.9,0.0,0.0,28456.0,60.0
1236.1,0.0,0.0,28398.0,59.0
1237.2,0.0,0.0,28729.0,59.0
1238.3,0.0,0.0,28948.0,120.0
1239.5,0.0,0.0,29028.0,120.0
1240.6,0.0,0.0,29271.0,120.0
1241.7,0.0,0.0,29333.0,60.0
1242.7,0.0,0.0,29292.0,60.0
1243.8,0.0,0.0,29477.0,59.0
1245.1,0.0,0.0,29602.0,120.0
1246.1,0.0,0.0,29749.0,60.0
1247.2,0.0,0.0,29560.0,60.0
1248.3,0.0,0.0,29394.0,59.0
1249.5,0.0,0.0,29394.0,60.0
1250.6,0.0,0.0,29129.0,120.0
1251.7,0.0,0.0,28968.0,59.0
1252.9,0.0,0.0,29149.0,120.0
1253.9,0.0,0.0,29068.0,59.0
1255.1,0.0,0.0,29129.0,60.0
1256.2,0.0,0.0,29088.0,60.0
1257.3,0.0,0.0,28789.0,120.0
1258.5,0.0,0.0,28968.0,59.0
1259.5,0.0,0.0,28888.0,120.0
1260.7,0.0,0.0,28769.0,59.0
1261.9,0.0,0.0,28710.0,120.0
1263.0,0.0,0.0,28592.0,59.0
1264.0,0.0,0.0,28729.0,60.0
1265.3,0.0,0.0,28828.0,59.0
1266.3,0.0,0.0,28848.0,60.0
1267.4,0.0,0.0,28828.0,120.0
1268.5,0.0,0.0,28710.0,60.0
1269.6,0.0,0.0,28592.0,120.0
1270.8,0.0,0.0,28284.0,60.0
1271.9,0.0,0.0,28514.0,120.0
1273.0,0.0,0.0,28437.0,59.0
1274.1,0.0,0.0,28631.0,120.0
1275.3,0.0,0.0,28553.0,59.0
1276.3,0.0,0.0,28573.0,60.0
1277.5,0.0,0.0,28437.0,59.0
1278.7,0.0,0.0,28612.0,120.0
1279.8,0.0,0.0,28729.0,59.0
1280.9,0.0,0.0,28553.0,120.0
1282.0,0.0,0.0,28456.0,59.0
1283.2,0.0,0.0,28534.0,60.0
1284.3,0.0,0.0,28553.0,59.0
1285.3,0.0,0.0,28514.0,60.0
1286.4,0.0,0.0,28476.0,120.0
1287.7,0.0,0.0,28456.0,120.0
1288.7,0.0,0.0,28418.0,120.0
1289.8,0.0,0.0,28418.0,59.0
1290.9,0.0,0.0,28592.0,60.0
1292.1,0.0,0.0,28398.0,59.0
1293.2,0.0,0.0,28534.0,59.0
1294.3,0.0,0.0,28514.0,59.0
1295.5,0.0,0.0,28670.0,60.0
1296.6,0.0,0.0,28612.0,120.0
1297.6,0.0,0.0,28710.0,60.0
1298.8,0.0,0.0,28651.0,121.0
1299.9,0.0,0.0,28710.0,59.0
1301.1,0.0,0.0,28631.0,120.0
1302.1,0.0,0.0,28612.0,60.0
1303.2,0.0,0.0,28573.0,60.0
1304.3,0.0,0.0,28690.0,59.0
1305.5,0.0,0.0,28670.0,60.0
1306.6,0.0,0.0,28476.0,59.0
1307.7,0.0,0.0,28631.0,59.0
1308.9,0.0,0.0,28495.0,120.0
1309.9,0.0,0.0,28514.0,60.0
1311.1,0.0,0.0,28534.0,120.0
1312.1,0.0,0.0,28207.0,59.0
1313.3,0.0,0.0,28456.0,121.0
1314.4,0.0,0.0,28534.0,59.0
1315.5,0.0,0.0,28379.0,59.0
1316.7,0.0,0.0,28437.0,60.0
1317.9,0.0,0.0,28284.0,119.0
1319.0,0.0,0.0,28379.0,59.0
1320.1,0.0,0.0,28398.0,121.0
1321.1,0.0,0.0,28592.0,59.0
1322.3,0.0,0.0,28418.0,59.0
1323.4,0.0,0.0,28418.0,60.0
1324.7,0.0,0.0,28341.0,60.0
1325.7,0.0,0.0,28379.0,120.0
1326.8,0.0,0.0,28360.0,121.0
1327.9,0.0,0.0,28322.0,121.0
1329.0,0.0,0.0,28341.0,59.0
1330.2,0.0,0.0,28284.0,120.0
1331.3,0.0,0.0,28360.0,60.0
1332.4,0.0,0.0,28360.0,120.0
1333.5,0.0,0.0,28264.0,59.0
1334.6,0.0,0.0,28284.0,60.0
1335.7,0.0,0.0,28264.0,59.0
1336.8,0.0,0.0,28341.0,59.0
1337.9,0.0,0.0,28553.0,120.0
1339.1,0.0,0.0,28690.0,59.0
1340.2,0.0,0.0,28828.0,120.0
1341.3,0.0,0.0,28828.0,59.0
1342.5,0.0,0.0,28928.0,59.0
1343.6,0.0,0.0,29028.0,59.0
1344.7,0.0,0.0,29048.0,120.0
1345.8,0.0,0.0,29169.0,60.0
1347.0,0.0,0.0,29129.0,120.0
1348.1,0.0,0.0,29251.0,59.0
1349.2,0.0,0.0,29210.0,121.0
1350.3,0.0,0.0,28968.0,59.0
1351.3,0.0,0.0,29149.0,60.0
1352.6,0.0,0.0,29190.0,60.0
1353.6,0.0,0.0,29068.0,60.0
1354.9,0.0,0.0,29169.0,120.0
1355.9,0.0,0.0,29251.0,60.0
1357.0,0.0,0.0,29048.0,120.0
1358.1,0.0,0.0,29169.0,59.0
1359.3,0.0,0.0,29028.0,120.0
1360.4,0.0,0.0,29271.0,59.0
1361.5,0.0,0.0,29048.0,120.0
1362.6,0.0,0.0,28908.0,59.0
1363.6,0.0,0.0,28988.0,60.0
1364.9,0.0,0.0,29028.0,59.0
1366.0,0.0,0.0,28729.0,120.0
1367.1,0.0,0.0,28888.0,60.0
1368.3,0.0,0.0,28808.0,120.0
1369.4,0.0,0.0,28828.0,59.0
1370.5,0.0,0.0,28848.0,60.0
1371.6,0.0,0.0,28651.0,59.0
1372.8,0.0,0.0,28690.0,60.0
1373.9,0.0,0.0,28690.0,120.0
1375.0,0.0,0.0,28670.0,120.0
1376.1,0.0,0.0,28322.0,121.0
1377.1,0.0,0.0,28573.0,59.0
1378.3,0.0,0.0,28592.0,120.0
1379.4,0.0,0.0,28592.0,59.0
1380.5,0.0,0.0,28437.0,60.0
1381.7,0.0,0.0,28573.0,59.0
1382.8,0.0,0.0,28398.0,60.0
1383.9,0.0,0.0,28534.0,121.0
1385.1,0.0,0.0,28592.0,60.0
1386.2,0.0,0.0,28631.0,120.0
1387.2,0.0,0.0,28749.0,60.0
1388.3,0.0,0.0,28828.0,120.0
1389.5,0.0,0.0,29169.0,59.0
1390.7,0.0,0.0,29068.0,121.0
1391.7,0.0,0.0,29292.0,59.0
1392.8,0.0,0.0,29028.0,59.0
1393.9,0.0,0.0,29149.0,60.0
1395.1,0.0,0.0,29108.0,60.0
1396.2,0.0,0.0,29028.0,119.0
1397.3,0.0,0.0,29190.0,60.0
1398.5,0.0,0.0,28848.0,121.0
1399.5,0.0,0.0,28948.0,59.0
1400.7,0.0,0.0,28908.0,120.0
1401.7,0.0,0.0,28710.0,60.0
1402.9,0.0,0.0,28789.0,60.0
1404.0,0.0,0.0,28789.0,59.0
1405.2,0.0,0.0,28828.0,120.0
1406.3,0.0,0.0,28592.0,59.0
1407.5,0.0,0.0,28612.0,120.0
1408.6,0.0,0.0,28573.0,60.0
1409.6,0.0,0.0,28476.0,60.0
1410.7,0.0,0.0,28553.0,59.0
1411.9,0.0,0.0,28341.0,60.0
1413.0,0.0,0.0,28573.0,121.0
1414.1,0.0,0.0,28612.0,120.0
1415.3,0.0,0.0,28456.0,120.0
1416.4,0.0,0.0,28573.0,60.0
1417.5,0.0,0.0,28360.0,120.0
1418.6,0.0,0.0,28514.0,59.0
1419.8,0.0,0.0,28592.0,121.0
1420.9,0.0,0.0,28749.0,59.0
1421.9,0.0,0.0,28848.0,59.0
1423.0,0.0,0.0,29028.0,60.0
1424.2,0.0,0.0,29149.0,60.0
1425.3,0.0,0.0,29312.0,120.0
1426.4,0.0,0.0,29190.0,59.0
1427.5,0.0,0.0,29394.0,120.0
1428.5,0.0,0.0,29333.0,59.0
1429.8,0.0,0.0,29169.0,60.0
1430.9,0.0,0.0,29210.0,60.0
1432.0,0.0,0.0,29251.0,120.0
1433.2,0.0,0.0,29394.0,60.0
1434.3,0.0,0.0,28948.0,121.0
1435.4,0.0,0.0,28968.0,59.0
1436.5,0.0,0.0,29048.0,120.0
1437.7,0.0,0.0,28948.0,60.0
1438.8,0.0,0.0,29068.0,60.0
1439.9,0.0,0.0,28968.0,59.0
1440.9,0.0,0.0,28968.0,60.0
1442.2,0.0,0.0,28968.0,59.0
1443.2,0.0,0.0,28988.0,59.0
1444.5,0.0,0.0,28988.0,120.0
1445.5,0.0,0.0,28749.0,60.0
1446.6,0.0,0.0,28868.0,120.0
1447.7,0.0,0.0,29048.0,59.0
1448.8,0.0,0.0,28868.0,121.0
1450.0,0.0,0.0,28868.0,59.0
1451.0,0.0,0.0,29028.0,60.0
1452.2,0.0,0.0,28868.0,59.0
1453.3,0.0,0.0,28789.0,119.0
1454.5,0.0,0.0,28690.0,59.0
1455.6,0.0,0.0,28769.0,121.0
1456.7,0.0,0.0,28710.0,59.0
1457.9,0.0,0.0,28592.0,60.0
1459.0,0.0,0.0,28828.0,60.0
1460.1,0.0,0.0,28553.0,60.0
1461.2,0.0,0.0,28534.0,121.0
1462.7,0.0,0.0,28398.0,121.0
1464.4,0.0,0.0,28573.0,120.0
1465.9,0.0,0.0,28437.0,120.0
1466.8,59.0,0.0,0.0,28379.0
1468.7,0.0,0.0,28379.0,60.0
1469.5,0.0,0.0,28398.0,60.0
1470.7,0.0,0.0,28456.0,120.0
1471.8,0.0,0.0,28360.0,59.0
1473.0,0.0,0.0,28553.0,120.0
1474.0,0.0,0.0,28379.0,59.0
1475.2,0.0,0.0,28534.0,60.0
1476.3,0.0,0.0,28495.0,59.0
1477.5,0.0,0.0,28437.0,120.0
1478.7,0.0,0.0,28534.0,59.0
1479.8,0.0,0.0,28573.0,120.0
1480.8,0.0,0.0,28789.0,59.0
1481.9,0.0,0.0,28670.0,60.0
1483.0,0.0,0.0,28769.0,59.0
1484.2,0.0,0.0,28729.0,60.0
1485.3,0.0,0.0,29028.0,120.0
1486.5,0.0,0.0,29048.0,120.0
1487.5,0.0,0.0,29008.0,120.0
1488.7,0.0,0.0,29108.0,59.0
1489.7,0.0,0.0,29129.0,121.0
1490.9,0.0,0.0,29271.0,59.0
1491.9,0.0,0.0,29210.0,59.0
1493.1,0.0,0.0,29456.0,59.0
1494.2,0.0,0.0,29560.0,60.0
1495.3,0.0,0.0,29436.0,59.0
1496.5,0.0,0.0,29394.0,60.0
1497.6,0.0,0.0,29415.0,121.0
1498.7,0.0,0.0,29436.0,59.0
1499.9,0.0,0.0,29394.0,120.0
1501.0,0.0,0.0,29353.0,60.0
1502.2,0.0,0.0,29539.0,59.0
1503.2,0.0,0.0,29353.0,60.0
1504.5,0.0,0.0,29374.0,121.0
1505.5,0.0,0.0,29749.0,60.0
1506.6,0.0,0.0,29456.0,120.0
1507.6,0.0,0.0,29312.0,59.0
1508.9,0.0,0.0,29292.0,120.0
1509.9,0.0,0.0,29108.0,59.0
1511.0,0.0,0.0,29333.0,60.0
1512.2,0.0,0.0,29149.0,59.0
1513.3,0.0,0.0,29251.0,59.0
1514.5,0.0,0.0,29108.0,120.0
1515.5,0.0,0.0,28968.0,60.0
1516.6,0.0,0.0,28868.0,119.0
1517.8,0.0,0.0,28651.0,60.0
1518.9,0.0,0.0,28848.0,121.0
1520.0,0.0,0.0,29108.0,59.0
1521.0,0.0,0.0,29129.0,59.0
1522.3,0.0,0.0,29210.0,60.0
1523.3,0.0,0.0,29394.0,60.0
1524.5,0.0,0.0,29190.0,59.0
1525.6,0.0,0.0,29456.0,121.0
1526.8,0.0,0.0,29088.0,121.0
1527.8,0.0,0.0,29333.0,59.0
1528.9,0.0,0.0,29560.0,120.0
1530.5,0.0,0.0,29394.0,60.0
1531.8,0.0,0.0,29498.0,119.0
1532.8,0.0,0.0,29292.0,60.0
1534.1,0.0,0.0,29456.0,121.0
1535.1,0.0,0.0,29415.0,59.0
1536.2,0.0,0.0,29539.0,120.0
1537.3,0.0,0.0,29210.0,59.0
1538.5,0.0,0.0,29149.0,60.0
1539.6,0.0,0.0,28988.0,59.0
1540.8,0.0,0.0,29149.0,120.0
1541.8,0.0,0.0,29129.0,59.0
1542.9,0.0,0.0,29088.0,120.0
1544.1,0.0,0.0,29008.0,60.0
1545.2,0.0,0.0,29008.0,60.0
1546.3,0.0,0.0,28769.0,59.0
1547.5,0.0,0.0,28828.0,60.0
1548.6,0.0,0.0,28848.0,59.0
1549.7,0.0,0.0,28988.0,120.0
1550.8,0.0,0.0,28848.0,120.0
1552.0,0.0,0.0,28808.0,60.0
1553.1,0.0,0.0,28888.0,120.0
1554.1,0.0,0.0,28868.0,59.0
1555.3,0.0,0.0,28789.0,121.0
1556.3,0.0,0.0,28749.0,59.0
1557.5,0.0,0.0,28769.0,60.0
1558.6,0.0,0.0,28868.0,60.0
1559.7,0.0,0.0,28690.0,60.0
1560.9,0.0,0.0,28729.0,120.0
1562.0,0.0,0.0,28456.0,59.0
1563.1,0.0,0.0,28534.0,120.0
1564.3,0.0,0.0,28670.0,59.0
1565.4,0.0,0.0,28612.0,60.0
1566.5,0.0,0.0,28612.0,60.0
1567.6,0.0,0.0,28612.0,120.0
1568.7,0.0,0.0,28690.0,60.0
1569.9,0.0,0.0,28868.0,121.0
1571.0,0.0,0.0,29048.0,59.0
1572.1,0.0,0.0,29068.0,120.0
1573.3,0.0,0.0,29190.0,60.0
1574.3,0.0,0.0,28868.0,60.0
1575.5,0.0,0.0,29048.0,59.0
1576.5,0.0,0.0,29048.0,60.0
1577.7,0.0,0.0,28968.0,59.0
1578.8,0.0,0.0,28928.0,59.0
1579.9,0.0,0.0,28868.0,120.0
1581.1,0.0,0.0,28928.0,60.0
1582.2,0.0,0.0,28789.0,120.0
1583.3,0.0,0.0,28948.0,59.0
1584.4,0.0,0.0,28749.0,120.0
1585.5,0.0,0.0,28789.0,59.0
1586.6,0.0,0.0,28690.0,60.0
1587.9,0.0,0.0,29028.0,59.0
1588.9,0.0,0.0,28848.0,119.0
1590.1,0.0,0.0,28729.0,59.0
1591.2,0.0,0.0,28710.0,121.0
1592.3,0.0,0.0,28948.0,59.0
1593.4,0.0,0.0,28808.0,60.0
1594.6,0.0,0.0,28769.0,60.0
1595.6,0.0,0.0,28848.0,60.0
1596.8,0.0,0.0,28828.0,121.0
1597.9,0.0,0.0,28769.0,121.0
1599.1,0.0,0.0,28456.0,120.0
1600.1,0.0,0.0,28789.0,59.0
1601.2,0.0,0.0,28612.0,120.0
1602.3,0.0,0.0,28573.0,59.0
1603.5,0.0,0.0,28631.0,60.0
1604.6,0.0,0.0,28749.0,59.0
1605.7,0.0,0.0,28690.0,60.0
1606.9,0.0,0.0,28729.0,59.0
1608.0,0.0,0.0,28988.0,60.0
1609.1,0.0,0.0,29068.0,120.0
1610.1,0.0,0.0,29108.0,59.0
1611.3,0.0,0.0,28988.0,121.0
1612.4,0.0,0.0,28948.0,59.0
1613.6,0.0,0.0,29008.0,59.0
1614.7,0.0,0.0,28729.0,59.0
1615.9,0.0,0.0,28948.0,120.0
1616.9,0.0,0.0,28868.0,60.0
1618.1,0.0,0.0,28729.0,120.0
1619.1,0.0,0.0,28749.0,59.0
1620.4,0.0,0.0,28690.0,120.0
1621.4,0.0,0.0,28729.0,59.0
1622.5,0.0,0.0,28690.0,60.0
1623.7,0.0,0.0,28710.0,59.0
1624.7,0.0,0.0,28828.0,60.0
1625.9,0.0,0.0,28729.0,121.0
1627.0,0.0,0.0,28476.0,60.0
1628.1,0.0,0.0,29028.0,120.0
1629.3,0.0,0.0,28908.0,60.0
1630.4,0.0,0.0,28888.0,120.0
1631.5,0.0,0.0,29008.0,59.0
1632.5,0.0,0.0,28928.0,60.0
1633.7,0.0,0.0,28928.0,59.0
1634.8,0.0,0.0,29008.0,59.0
1636.0,0.0,0.0,28868.0,59.0
1637.1,0.0,0.0,28968.0,120.0
1638.2,0.0,0.0,28749.0,120.0
1639.3,0.0,0.0,28888.0,60.0
1640.4,0.0,0.0,29048.0,121.0
1641.6,0.0,0.0,29230.0,59.0
1642.7,0.0,0.0,29008.0,120.0
1643.8,0.0,0.0,28908.0,60.0
2566.8,59.0,0.0,0.0,29048.0
2568.0,0.0,0.0,29129.0,120.0
2570.2,0.0,0.0,29149.0,120.0
2571.3,0.0,0.0,29068.0,59.0
2572.4,0.0,0.0,29169.0,60.0
2573.5,0.0,0.0,29374.0,59.0
2574.6,0.0,0.0,29149.0,59.0
2575.8,0.0,0.0,29251.0,120.0
2576.9,0.0,0.0,29230.0,120.0
2578.0,0.0,0.0,29394.0,120.0
2579.1,0.0,0.0,29581.0,59.0
2580.1,0.0,0.0,29560.0,59.0
2581.4,0.0,0.0,30177.0,59.0
2582.4,0.0,0.0,29876.0,60.0
2583.7,0.0,0.0,29897.0,59.0
2584.7,0.0,0.0,29855.0,60.0
2585.8,0.0,0.0,29876.0,121.0
2586.9,0.0,0.0,29962.0,60.0
2588.1,0.0,0.0,29940.0,120.0
2589.2,0.0,0.0,29897.0,59.0
2590.3,0.0,0.0,30112.0,120.0
2591.4,0.0,0.0,29707.0,59.0
2592.5,0.0,0.0,29791.0,60.0
2593.7,0.0,0.0,29855.0,59.0
2594.7,0.0,0.0,29602.0,59.0
2595.8,0.0,0.0,29539.0,59.0
2597.0,0.0,0.0,29498.0,60.0
2598.1,0.0,0.0,29498.0,119.0
2599.2,0.0,0.0,29415.0,60.0
2600.3,0.0,0.0,29498.0,121.0
2601.5,0.0,0.0,29394.0,59.0
2602.6,0.0,0.0,29210.0,120.0
2603.7,0.0,0.0,29210.0,59.0
2604.7,0.0,0.0,29169.0,60.0
2606.0,0.0,0.0,29129.0,59.0
2607.1,0.0,0.0,29088.0,120.0
2608.2,0.0,0.0,29088.0,59.0
2609.3,0.0,0.0,28828.0,120.0
2610.5,0.0,0.0,29353.0,59.0
2611.6,0.0,0.0,29028.0,60.0
2612.7,0.0,0.0,28948.0,59.0
2613.7,0.0,0.0,28988.0,60.0
2615.0,0.0,0.0,29028.0,59.0
2616.1,0.0,0.0,29008.0,121.0
2617.2,0.0,0.0,28848.0,120.0
2618.3,0.0,0.0,28828.0,60.0
2619.5,0.0,0.0,28928.0,120.0
2620.5,0.0,0.0,28928.0,59.0
2621.7,0.0,0.0,28888.0,121.0
2622.7,0.0,0.0,28828.0,59.0
2623.9,0.0,0.0,28612.0,59.0
2625.0,0.0,0.0,28828.0,59.0
2626.0,0.0,0.0,28828.0,60.0
2627.3,0.0,0.0,28848.0,120.0
2628.3,0.0,0.0,28729.0,59.0
2629.5,0.0,0.0,28888.0,121.0
2630.5,0.0,0.0,28908.0,60.0
2631.8,0.0,0.0,28928.0,59.0
2632.9,0.0,0.0,28868.0,60.0
2634.0,0.0,0.0,28848.0,120.0
2635.1,0.0,0.0,28729.0,60.0
2636.3,0.0,0.0,28948.0,121.0
2637.4,0.0,0.0,28769.0,59.0
2638.5,0.0,0.0,29230.0,120.0
2639.5,0.0,0.0,29498.0,60.0
2640.7,0.0,0.0,29623.0,60.0
2641.8,0.0,0.0,29560.0,59.0
2642.9,0.0,0.0,29581.0,60.0
2644.1,0.0,0.0,29602.0,59.0
2645.2,0.0,0.0,29394.0,59.0
2646.3,0.0,0.0,29539.0,120.0
2647.5,0.0,0.0,29560.0,60.0
2648.6,0.0,0.0,29436.0,120.0
2649.6,0.0,0.0,29394.0,59.0
2650.8,0.0,0.0,29477.0,121.0
2651.8,0.0,0.0,29353.0,59.0
2653.0,0.0,0.0,29374.0,59.0
2654.1,0.0,0.0,29415.0,60.0
2655.3,0.0,0.0,29394.0,119.0
2656.5,0.0,0.0,29518.0,59.0
2657.6,0.0,0.0,29415.0,121.0
2658.6,0.0,0.0,29477.0,59.0
2659.7,0.0,0.0,29498.0,59.0
2660.9,0.0,0.0,29749.0,60.0
2662.0,0.0,0.0,29728.0,60.0
2663.1,0.0,0.0,29436.0,120.0
2664.2,0.0,0.0,29560.0,121.0
2665.4,0.0,0.0,29498.0,121.0
2666.5,0.0,0.0,29415.0,59.0
2667.6,0.0,0.0,29415.0,120.0
2668.7,0.0,0.0,29415.0,59.0
2669.9,0.0,0.0,29353.0,120.0
2671.0,0.0,0.0,29149.0,59.0
2672.0,0.0,0.0,29333.0,60.0
2673.3,0.0,0.0,29456.0,59.0
2674.3,0.0,0.0,29048.0,60.0
2675.4,0.0,0.0,29190.0,120.0
2676.5,0.0,0.0,29169.0,59.0
2677.7,0.0,0.0,29129.0,121.0
2678.8,0.0,0.0,29028.0,59.0
2679.9,0.0,0.0,29088.0,59.0
2681.0,0.0,0.0,29068.0,59.0
2682.1,0.0,0.0,29068.0,120.0
2683.3,0.0,0.0,28868.0,60.0
2684.4,0.0,0.0,29068.0,120.0
2685.5,0.0,0.0,28948.0,59.0
2686.7,0.0,0.0,28988.0,120.0
2687.8,0.0,0.0,28968.0,59.0
2688.9,0.0,0.0,29068.0,60.0
2690.1,0.0,0.0,29008.0,59.0
2691.2,0.0,0.0,28868.0,60.0
2692.3,0.0,0.0,28948.0,59.0
2693.3,0.0,0.0,29008.0,60.0
2694.4,0.0,0.0,28670.0,120.0
2695.5,0.0,0.0,28908.0,60.0
2696.8,0.0,0.0,28988.0,120.0
2697.8,0.0,0.0,28868.0,59.0
2699.0,0.0,0.0,28710.0,121.0
2700.1,0.0,0.0,28948.0,59.0
2701.2,0.0,0.0,28888.0,59.0
2702.3,0.0,0.0,29088.0,59.0
2703.6,0.0,0.0,28749.0,120.0
2704.6,0.0,0.0,28928.0,59.0
2705.8,0.0,0.0,29129.0,120.0
2706.8,0.0,0.0,28828.0,59.0
2708.0,0.0,0.0,28808.0,59.0
2709.1,0.0,0.0,28948.0,59.0
2710.1,0.0,0.0,29008.0,60.0
2711.3,0.0,0.0,28988.0,120.0
2712.5,0.0,0.0,28888.0,120.0
2713.6,0.0,0.0,29068.0,121.0
2714.6,0.0,0.0,29068.0,60.0
2715.9,0.0,0.0,29108.0,120.0
2716.9,0.0,0.0,29088.0,60.0
2718.0,0.0,0.0,29048.0,60.0
2719.1,0.0,0.0,29088.0,59.0
2720.3,0.0,0.0,29008.0,60.0
2721.4,0.0,0.0,29169.0,59.0
2722.5,0.0,0.0,29129.0,59.0
2723.6,0.0,0.0,29028.0,120.0
2724.7,0.0,0.0,29028.0,60.0
2725.9,0.0,0.0,28968.0,120.0
2727.0,0.0,0.0,29088.0,59.0
2728.0,0.0,0.0,28968.0,60.0
2729.3,0.0,0.0,28848.0,60.0
2730.4,0.0,0.0,28928.0,120.0
2731.4,0.0,0.0,28908.0,60.0
2732.5,0.0,0.0,28888.0,60.0
2733.7,0.0,0.0,28988.0,119.0
2734.8,0.0,0.0,28988.0,60.0
2735.9,0.0,0.0,28968.0,121.0
2737.1,0.0,0.0,29129.0,59.0
2738.1,0.0,0.0,28928.0,120.0
2739.3,0.0,0.0,29048.0,60.0
2740.4,0.0,0.0,28988.0,60.0
2741.4,0.0,0.0,28988.0,59.0
2742.7,0.0,0.0,29048.0,120.0
2743.7,0.0,0.0,29129.0,59.0
2744.8,0.0,0.0,28988.0,59.0
2745.9,0.0,0.0,29088.0,120.0
2747.1,0.0,0.0,29312.0,60.0
2748.2,0.0,0.0,29333.0,120.0
2749.3,0.0,0.0,29292.0,59.0
2750.5,0.0,0.0,29190.0,121.0
2751.6,0.0,0.0,29353.0,120.0
2752.6,0.0,0.0,29251.0,59.0
2753.7,0.0,0.0,29230.0,60.0
2754.9,0.0,0.0,29374.0,60.0
2756.0,0.0,0.0,29415.0,121.0
2757.1,0.0,0.0,29129.0,60.0
2758.3,0.0,0.0,29149.0,59.0
2759.3,0.0,0.0,29394.0,59.0
2760.6,0.0,0.0,29292.0,60.0
2761.6,0.0,0.0,29230.0,60.0
2762.9,0.0,0.0,29129.0,120.0
2763.9,0.0,0.0,29230.0,60.0
2765.0,0.0,0.0,29374.0,121.0
2766.1,0.0,0.0,29292.0,59.0
2767.3,0.0,0.0,29230.0,60.0
2768.4,0.0,0.0,29251.0,60.0
2769.5,0.0,0.0,29169.0,120.0
2770.6,0.0,0.0,29230.0,59.0
2771.7,0.0,0.0,29292.0,60.0
2772.9,0.0,0.0,28968.0,120.0
2773.9,0.0,0.0,28968.0,59.0
2775.0,0.0,0.0,29190.0,120.0
2776.2,0.0,0.0,29169.0,60.0
2777.3,0.0,0.0,29088.0,121.0
2778.4,0.0,0.0,28888.0,59.0
2779.5,0.0,0.0,28988.0,120.0
2780.7,0.0,0.0,29048.0,59.0
2781.9,0.0,0.0,29008.0,120.0
2782.9,0.0,0.0,29251.0,60.0
2784.1,0.0,0.0,29048.0,120.0
2785.2,0.0,0.0,29108.0,59.0
2786.4,0.0,0.0,29008.0,121.0
2787.4,0.0,0.0,29008.0,59.0
2788.5,0.0,0.0,29048.0,60.0
2789.7,0.0,0.0,28928.0,59.0
2790.9,0.0,0.0,29048.0,119.0
2791.9,0.0,0.0,28968.0,59.0
2792.9,0.0,0.0,28908.0,60.0
2794.2,0.0,0.0,29028.0,120.0
2795.2,0.0,0.0,28888.0,59.0
2796.4,0.0,0.0,28988.0,120.0
2797.5,0.0,0.0,29048.0,59.0
2798.7,0.0,0.0,29108.0,120.0
2799.8,0.0,0.0,29068.0,120.0
2800.9,0.0,0.0,28928.0,59.0
2802.0,0.0,0.0,28988.0,59.0
2803.1,0.0,0.0,29251.0,60.0
2804.2,0.0,0.0,29008.0,120.0
2805.2,0.0,0.0,29048.0,60.0
2806.5,0.0,0.0,29028.0,59.0
2807.6,0.0,0.0,29028.0,60.0
2808.7,0.0,0.0,29088.0,59.0
2809.9,0.0,0.0,29068.0,60.0
2811.0,0.0,0.0,29068.0,120.0
2812.1,0.0,0.0,29149.0,60.0
2813.2,0.0,0.0,29271.0,121.0
2814.3,0.0,0.0,28968.0,60.0
2815.5,0.0,0.0,28988.0,59.0
2816.6,0.0,0.0,29068.0,59.0
2817.7,0.0,0.0,29271.0,120.0
2818.9,0.0,0.0,28868.0,59.0
2819.9,0.0,0.0,28948.0,60.0
2821.0,0.0,0.0,28828.0,120.0
2822.1,0.0,0.0,28988.0,60.0
2823.3,0.0,0.0,28868.0,120.0
2824.4,0.0,0.0,28988.0,60.0
2825.5,0.0,0.0,28908.0,120.0
2826.7,0.0,0.0,28848.0,59.0
2827.8,0.0,0.0,28908.0,121.0
2828.8,0.0,0.0,28908.0,59.0
2830.0,0.0,0.0,28789.0,120.0
2831.0,0.0,0.0,28749.0,59.0
2832.2,0.0,0.0,28789.0,60.0
2833.3,0.0,0.0,28928.0,120.0
2834.5,0.0,0.0,28868.0,60.0
2835.5,0.0,0.0,28948.0,121.0
2836.7,0.0,0.0,28888.0,59.0
2837.8,0.0,0.0,28928.0,120.0
2838.9,0.0,0.0,29292.0,120.0
2839.9,0.0,0.0,28828.0,120.0
2841.1,0.0,0.0,28868.0,59.0
2842.2,0.0,0.0,28828.0,60.0
2843.3,0.0,0.0,28789.0,59.0
2844.5,0.0,0.0,28968.0,59.0
2845.7,0.0,0.0,28808.0,59.0
2846.8,0.0,0.0,29048.0,120.0
2847.9,0.0,0.0,28868.0,119.0
2848.9,0.0,0.0,29108.0,60.0
2850.2,0.0,0.0,29333.0,59.0
2851.2,0.0,0.0,29353.0,59.0
2852.5,0.0,0.0,29456.0,120.0
2853.5,0.0,0.0,29665.0,60.0
2854.6,0.0,0.0,29707.0,60.0
2855.7,0.0,0.0,29919.0,60.0
2856.9,0.0,0.0,29855.0,121.0
2858.0,0.0,0.0,29812.0,59.0
2859.1,0.0,0.0,29919.0,59.0
2860.2,0.0,0.0,29876.0,59.0
2861.3,0.0,0.0,29897.0,60.0
2862.5,0.0,0.0,29686.0,59.0
2863.5,0.0,0.0,29623.0,60.0
2864.6,0.0,0.0,29834.0,121.0
2865.8,0.0,0.0,29728.0,59.0
2866.9,0.0,0.0,29812.0,120.0
2868.0,0.0,0.0,29919.0,60.0
2869.3,0.0,0.0,29665.0,119.0
2871.1,0.0,0.0,29477.0,60.0
2872.7,0.0,0.0,29581.0,59.0
2875.3,0.0,0.0,29436.0,60.0
2876.5,0.0,0.0,29333.0,120.0
2877.5,0.0,0.0,29623.0,60.0
2878.8,0.0,0.0,29333.0,60.0
4907.0,0.0,0.0,29333.0,59.0
